Title,Category,Units,Address,City,County,Value,Stage,Permit #,Owner,Phone,Email,Architect,GC of Record,State,Score
"Multifamily — 4305 12TH AVE S","Multifamily","","4305 12TH AVE S","SEATTLE","KING","359913","correction","7099410-CN","","","","","None","contacted","88"
"Multifamily — 10729 A SAND POINT WAY NE","Multifamily","","10729 A SAND POINT WAY NE","SEATTLE","KING","392754","review","7097336-CN","","","","","None","contacted","94"
"Multifamily — 10729 D SAND POINT WAY NE","Multifamily","","10729 D SAND POINT WAY NE","SEATTLE","KING","392754","application","7118702-CN","","","","","None","contacted","100"
"Multifamily — 1710 25TH AVE","Multifamily","","1710 25TH AVE","SEATTLE","KING","971689","correction","7091167-CN","","","","","None","contacted","98"
"Multifamily — 2720 NE 94TH ST","Multifamily","3","2720 NE 94TH ST","SEATTLE","KING","500976","application","7099169-CN","","","","","None","contacted","100"
"Commercial TI / New — 1801 24TH AVE S","Commercial TI / New","","1801 24TH AVE S","SEATTLE","KING","350000","application","7108476-CN","","","","","None","contacted","100"
"Multifamily — 326 N 125th ST","Multifamily","","326 N 125th ST","Seattle","KING","344795","application","7119433-CN","","","","","None","contacted","100"
"Multifamily — 326 N 125th ST","Multifamily","","326 N 125th ST","Seattle","KING","274536","application","7119434-CN","","","","","None","contacted","100"
"Multifamily — 2127 B N 122ND ST","Multifamily","","2127 B N 122ND ST","SEATTLE","KING","278384","application","7116520-CN","","","","","None","contacted","100"
"Multifamily — 949 10TH AVE E","Multifamily","-2","949 10TH AVE E","SEATTLE","KING","2400000","application","7076751-DM","","","","","None","contacted","100"
"Multifamily — 11029 36TH AVE NE","Multifamily","2","11029 36TH AVE NE","SEATTLE","KING","261875","correction","7017575-CN","","","","","None","contacted","88"
"Multifamily — 6841 36TH AVE NE","Multifamily","","6841 36TH AVE NE","SEATTLE","KING","524000","correction","7109478-CN","","","","","None","contacted","98"
"Multifamily — 7756 14TH AVE SW","Multifamily","6","7756 14TH AVE SW","SEATTLE","KING","","application","7020899-DM","","","","","None","contacted","100"
"Multifamily — 5946 B 47TH AVE SW","Multifamily","","5946 B 47TH AVE SW","SEATTLE","KING","292457","application","7119817-CN","","","","","None","contacted","100"
"Multifamily — 5946 C 47TH AVE SW","Multifamily","","5946 C 47TH AVE SW","SEATTLE","KING","292457","application","7119819-CN","","","","","None","contacted","100"
"Multifamily — 5946 A 47TH AVE SW","Multifamily","","5946 A 47TH AVE SW","SEATTLE","KING","480732","correction","7102931-CN","","","","","None","contacted","88"
"Multifamily — 3711 S HOLLY ST","Multifamily","","3711 S HOLLY ST","SEATTLE","KING","366246","application","7080487-CN","","","","","None","contacted","100"
"Commercial TI / New — 4025 13TH AVE W","Commercial TI / New","","4025 13TH AVE W","SEATTLE","KING","55650","application","7118233-CN","","","","","None","contacted","93"
"Multifamily — 10703 DAYTON AVE N","Multifamily","1","10703 DAYTON AVE N","SEATTLE","KING","457662","correction","7107006-CN","","","","","None","contacted","88"
"Multifamily — 4714 NE 100TH ST","Multifamily","2","4714 NE 100TH ST","SEATTLE","KING","204358","review","7107714-CN","","","","","None","contacted","86"
"Multifamily — 9217 4TH AVE NW","Multifamily","","9217 4TH AVE NW","SEATTLE","KING","117101","review","7114995-CN","","","","","None","contacted","86"
"Multifamily — 4817 C S FLETCHER ST","Multifamily","","4817 C S FLETCHER ST","SEATTLE","KING","672666","correction","7092018-CN","","","","","None","contacted","98"
"Multifamily — 130 N 77th ST","Multifamily","","130 N 77th ST","Seattle","KING","74280","application","7120899-CN","","","","","None","contacted","93"
"Multifamily — 3318 B 23RD AVE S","Multifamily","","3318 B 23RD AVE S","SEATTLE","KING","252237","correction","7117750-CN","","","","","None","contacted","88"
"Multifamily — 506 20TH AVE","Multifamily","2","506 20TH AVE","SEATTLE","KING","512878","correction","7104413-CN","","","","","None","contacted","98"
"Multifamily — 5053 B 25TH AVE SW","Multifamily","","5053 B 25TH AVE SW","SEATTLE","KING","355814","application","7121104-CN","","","","","None","contacted","100"
"Multifamily — 3039 4TH AVE W","Multifamily","","3039 4TH AVE W","SEATTLE","KING","293142","application","7118773-CN","","","","","None","contacted","100"
"Multifamily — 3101 EASTLAKE AVE E","Multifamily","15","3101 EASTLAKE AVE E","Seattle","KING","2328904","correction","7112222-CN","","","","","None","contacted","100"
"Multifamily — 3041 4TH AVE W","Multifamily","","3041 4TH AVE W","SEATTLE","KING","222445","application","7118774-CN","","","","","None","contacted","93"
"Multifamily — 1817 A NW 65TH ST","Multifamily","3","1817 A NW 65TH ST","SEATTLE","KING","687785","review","7104411-CN","","","","","None","contacted","100"
"Multifamily — 732 A N 98TH ST","Multifamily","2","732 A N 98TH ST","SEATTLE","KING","521028","correction","7098138-CN","","","","","None","contacted","98"
"Multifamily — 1310 MINOR AVE","Multifamily","","1310 MINOR AVE","SEATTLE","KING","92500","application","7120882-CN","","","","","None","contacted","93"
"Commercial TI / New — 4800 40TH AVE SW","Commercial TI / New","","4800 40TH AVE SW","SEATTLE","KING","70000","application","7117269-CN","","","","","None","contacted","93"
"Multifamily — 3056 48TH AVE SW","Multifamily","-1","3056 48TH AVE SW","SEATTLE","KING","800000","application","7105905-DM","","","","","None","contacted","100"
"Multifamily — 220 N 58TH ST","Multifamily","-1","220 N 58TH ST","SEATTLE","KING","600000","application","7102924-DM","","","","","None","contacted","100"
"Multifamily — 4718 SW HANFORD ST","Multifamily","","4718 SW HANFORD ST","SEATTLE","KING","327870","review","7105904-CN","","","","","None","contacted","94"
"Commercial TI / New — 1026 6TH AVE S","Commercial TI / New","","1026 6TH AVE S","SEATTLE","KING","20000","application","7106574-CN","","","","","None","contacted","93"
"Multifamily — 4712 SW HANFORD ST","Multifamily","","4712 SW HANFORD ST","SEATTLE","KING","346132","application","7121979-CN","","","","","None","contacted","100"
"Multifamily — 4020 SW OREGON ST","Multifamily","","4020 SW OREGON ST","SEATTLE","KING","599608","correction","7088090-CN","","","","","None","contacted","98"
"Multifamily — 4806 S BRANDON ST","Multifamily","","4806 S BRANDON ST","SEATTLE","KING","285748","correction","7091643-CN","","","","","None","contacted","88"
"Multifamily — 1524 M L KING JR WAY","Multifamily","","1524 M L KING JR WAY","SEATTLE","KING","365096","application","7122007-CN","","","","","None","contacted","100"
"Multifamily — 4800 S BRANDON ST","Multifamily","","4800 S BRANDON ST","SEATTLE","KING","337973","application","7122071-CN","","","","","None","contacted","100"
"Multifamily — 4804 S BRANDON ST","Multifamily","","4804 S BRANDON ST","SEATTLE","KING","343332","application","7122073-CN","","","","","None","contacted","100"
"Multifamily — 4448 33RD AVE S","Multifamily","","4448 33RD AVE S","SEATTLE","KING","444964","correction","7105899-CN","","","","","None","contacted","88"
"Multifamily — 4448 33RD AVE S","Multifamily","","4448 33RD AVE S","SEATTLE","KING","474144","application","7122491-CN","","","","","None","contacted","100"
"Multifamily — 4448 33RD AVE S","Multifamily","","4448 33RD AVE S","SEATTLE","KING","413508","application","7122492-CN","","","","","None","contacted","100"
"Commercial TI / New — 830 4TH AVE S","Commercial TI / New","","830 4TH AVE S","SEATTLE","KING","900000","application","7121496-CN","","","","","None","contacted","100"
"Multifamily — 2125 C N 122ND ST","Multifamily","","2125 C N 122ND ST","SEATTLE","KING","855071","correction","7097342-CN","","","","","None","contacted","98"
"Multifamily — 6302 37TH AVE SW","Multifamily","","6302 37TH AVE SW","SEATTLE","KING","950000","correction","7116061-DM","","","","","None","contacted","98"
"Multifamily — 3621 A SW OTHELLO ST","Multifamily","","3621 A SW OTHELLO ST","SEATTLE","KING","341143","application","7121862-CN","","","","","None","contacted","100"